,Player,Weekly Salary,Annual Salary,Team,Nation,Pos,Age,MP,Starts,Min,90s,Gls,Ast,G-PK,PK,PKatt,CrdY,CrdR,Gls.1,Ast.1,G+A,G-PK.1,G+A-PK,xG,npxG,xA,npxG+xA,xG.1,xA.1,xG+xA,npxG.1,npxG+xA.1,Played,Won,Drawn,Lost,Goals For,Goals Against,Goal Difference,Points,Performance Score,Goals_per_1k,xG_per_1k,Assists_per_1k,G+A_per_1k
0,Cristiano Ronaldo,515000,28599424,Manchester United,pt POR,FW,36.0,30.0,27.0,2456.0,27.3,18.0,3.0,15.0,3.0,3.0,8.0,0.0,0.66,0.11,0.77,0.55,0.66,16.5,14.2,3.1,17.3,0.61,0.11,0.72,0.52,0.64,38.0,16.0,10.0,12.0,57.0,57.0,0.0,58.0,107.60000000000001,0.0006293833050623677,0.0005769346963071704,0.00010489721751039462,2.6923619161001284e-05
1,Kevin De Bruyne,400000,22213145,Manchester City,be BEL,MF,30.0,30.0,25.0,2201.0,24.5,15.0,8.0,15.0,0.0,0.0,2.0,0.0,0.61,0.33,0.94,0.61,0.94,6.4,6.4,9.5,15.9,0.26,0.39,0.65,0.26,0.65,38.0,29.0,6.0,3.0,99.0,26.0,73.0,93.0,113.8,0.0006752758332960056,0.00028811768887296237,0.000360147111091203,4.231728555321635e-05
2,Romelu Lukaku,325000,18048180,Chelsea,be BEL,FW,28.0,26.0,16.0,1589.0,17.7,8.0,0.0,7.0,1.0,1.0,1.0,0.0,0.45,0.0,0.45,0.4,0.4,6.8,6.1,3.0,9.0,0.39,0.17,0.55,0.34,0.51,38.0,21.0,11.0,6.0,76.0,33.0,43.0,74.0,49.2,0.0004432579905563885,0.0003767692919729302,0.0,2.4933261968796855e-05
3,Jack Grealish,300000,16659859,Manchester City,eng ENG,FW,25.0,26.0,22.0,1914.0,21.3,3.0,3.0,3.0,0.0,0.0,3.0,0.0,0.14,0.14,0.28,0.14,0.28,4.8,4.8,6.3,11.1,0.22,0.3,0.52,0.22,0.52,38.0,29.0,6.0,3.0,99.0,26.0,73.0,93.0,40.2,0.0001800735528433944,0.00028811768454943104,0.0001800735528433944,1.6806864932050147e-05
4,Raheem Sterling,300000,16659859,Manchester City,eng ENG,FW,26.0,30.0,23.0,2128.0,23.6,13.0,5.0,11.0,2.0,3.0,1.0,0.0,0.55,0.21,0.76,0.47,0.68,14.4,12.0,4.6,16.6,0.61,0.2,0.81,0.51,0.7,38.0,29.0,6.0,3.0,99.0,26.0,73.0,93.0,99.2,0.0007803187289880425,0.0008643530536482932,0.000300122588072324,4.5618633386993254e-05
5,Paul Pogba,290000,16104530,Manchester United,fr FRA,"MF,FW",28.0,20.0,16.0,1349.0,15.0,1.0,9.0,1.0,0.0,0.0,7.0,1.0,0.07,0.6,0.67,0.07,0.67,2.4,2.4,3.5,6.0,0.16,0.24,0.4,0.16,0.4,38.0,16.0,10.0,12.0,57.0,57.0,0.0,58.0,32.8,6.20943299804465e-05,0.00014902639195307158,0.0005588489698240184,4.1603201086899154e-05
6,N'Golo Kanté,290000,16104530,Chelsea,fr FRA,MF,30.0,26.0,21.0,1773.0,19.7,2.0,4.0,2.0,0.0,0.0,2.0,0.0,0.1,0.2,0.3,0.1,0.3,1.8,1.8,2.3,4.2,0.09,0.12,0.21,0.09,0.21,38.0,21.0,11.0,6.0,76.0,33.0,43.0,74.0,26.200000000000003,0.000124188659960893,0.00011176979396480369,0.000248377319921786,1.8628298994133948e-05
7,Timo Werner,270000,14993873,Chelsea,de GER,"FW,MF",25.0,21.0,15.0,1283.0,14.3,4.0,1.0,4.0,0.0,0.0,1.0,0.0,0.28,0.07,0.35,0.28,0.35,7.6,7.6,0.4,8.0,0.53,0.03,0.56,0.53,0.56,38.0,21.0,11.0,6.0,76.0,33.0,43.0,74.0,34.0,0.00026677563562129677,0.0005068737076804638,6.669390890532419e-05,2.3342868116863468e-05
8,Jadon Sancho,250000,13883216,Manchester United,eng ENG,"FW,MF",21.0,29.0,20.0,1900.0,21.1,3.0,3.0,3.0,0.0,0.0,0.0,0.0,0.14,0.14,0.28,0.14,0.28,3.3,3.3,4.2,7.5,0.16,0.2,0.36,0.16,0.36,38.0,16.0,10.0,12.0,57.0,57.0,0.0,58.0,36.0,0.00021608826081795458,0.00023769708689975002,0.00021608826081795458,2.0168237676342428e-05
9,Anthony Martial,250000,13883216,Manchester United,fr FRA,FW,25.0,8.0,2.0,212.0,2.4,1.0,0.0,1.0,0.0,0.0,0.0,0.0,0.42,0.0,0.42,0.42,0.42,0.4,0.4,0.1,0.6,0.19,0.06,0.25,0.19,0.25,38.0,16.0,10.0,12.0,57.0,57.0,0.0,58.0,5.0,7.202942027265152e-05,2.881176810906061e-05,0.0,3.0252356514513638e-05
10,Kai Havertz,250000,13883216,Chelsea,de GER,"FW,MF",22.0,29.0,22.0,1809.0,20.1,8.0,3.0,8.0,0.0,0.0,3.0,0.0,0.4,0.15,0.55,0.4,0.55,9.7,9.7,2.0,11.6,0.48,0.1,0.58,0.48,0.58,38.0,21.0,11.0,6.0,76.0,33.0,43.0,74.0,61.400000000000006,0.0005762353621812121,0.0006986853766447197,0.00021608826081795458,3.9616181149958344e-05
11,Edinson Cavani,250000,13883216,Manchester United,uy URU,FW,34.0,15.0,7.0,766.0,8.5,2.0,1.0,2.0,0.0,0.0,0.0,0.0,0.23,0.12,0.35,0.23,0.35,3.4,3.4,1.4,4.7,0.39,0.16,0.55,0.39,0.55,38.0,16.0,10.0,12.0,57.0,57.0,0.0,58.0,20.6,0.00014405884054530303,0.0002449000289270152,7.202942027265152e-05,2.521029709542803e-05
12,Pierre-Emerick Aubameyang,250000,13883216,Arsenal,ga GAB,FW,32.0,14.0,12.0,1037.0,11.5,4.0,1.0,4.0,0.0,2.0,3.0,0.0,0.35,0.09,0.43,0.35,0.43,5.8,4.1,0.8,5.0,0.5,0.07,0.57,0.36,0.43,38.0,22.0,3.0,13.0,61.0,48.0,13.0,69.0,25.8,0.00028811768109060607,0.00041777063758137884,7.202942027265152e-05,3.0972650717240156e-05
13,Bruno Fernandes,240000,13327887,Manchester United,pt POR,MF,26.0,36.0,35.0,3111.0,34.6,10.0,6.0,10.0,0.0,2.0,10.0,0.0,0.29,0.17,0.46,0.29,0.46,9.7,8.2,8.4,16.6,0.28,0.24,0.53,0.24,0.48,38.0,16.0,10.0,12.0,57.0,57.0,0.0,58.0,81.2,0.0007503064814400062,0.000727797286996806,0.0004501838888640037,3.451409814624028e-05
14,Thomas Partey,200000,11106573,Arsenal,gh GHA,MF,28.0,24.0,23.0,2028.0,22.5,2.0,1.0,2.0,0.0,0.0,6.0,0.0,0.09,0.04,0.13,0.09,0.13,2.5,2.5,1.3,3.8,0.11,0.06,0.17,0.11,0.17,38.0,22.0,3.0,13.0,61.0,48.0,13.0,69.0,12.600000000000001,0.0001800735474389805,0.00022509193429872562,9.003677371949025e-05,1.1704780583533732e-05
15,Harry Kane,200000,11106573,Tottenham Hotspur,eng ENG,FW,28.0,37.0,36.0,3232.0,35.9,17.0,9.0,13.0,4.0,4.0,5.0,0.0,0.47,0.25,0.72,0.36,0.61,20.1,17.1,9.0,26.1,0.56,0.25,0.81,0.48,0.73,38.0,22.0,5.0,11.0,69.0,40.0,29.0,71.0,142.2,0.0015306251532313342,0.001809739151761754,0.0008103309634754122,6.482647707803298e-05
16,Mohamed Salah,200000,11106573,Liverpool,eg EGY,FW,29.0,35.0,30.0,2762.0,30.7,23.0,13.0,18.0,5.0,6.0,1.0,0.0,0.75,0.42,1.17,0.59,1.01,21.8,17.0,10.4,27.4,0.71,0.34,1.05,0.55,0.89,38.0,28.0,8.0,2.0,94.0,26.0,68.0,92.0,184.8,0.0020708457955482757,0.0019628016670848875,0.0011704780583533733,0.00010534302525180359
17,Jordan Henderson,200000,11106573,Liverpool,eng ENG,MF,31.0,35.0,29.0,2597.0,28.9,2.0,5.0,2.0,0.0,0.0,3.0,0.0,0.07,0.17,0.24,0.07,0.24,1.5,1.5,3.8,5.3,0.05,0.13,0.18,0.05,0.18,38.0,28.0,8.0,2.0,94.0,26.0,68.0,92.0,30.6,0.0001800735474389805,0.00013505516057923537,0.00045018386859745123,2.160882569267766e-05
18,Marcus Rashford,200000,11106573,Manchester United,eng ENG,"FW,MF",23.0,25.0,13.0,1235.0,13.7,4.0,2.0,4.0,0.0,0.0,2.0,0.0,0.29,0.15,0.44,0.29,0.44,2.4,2.4,2.0,4.4,0.18,0.14,0.32,0.18,0.32,38.0,16.0,10.0,12.0,57.0,57.0,0.0,58.0,28.8,0.000360147094877961,0.0002160882569267766,0.0001800735474389805,3.961618043657571e-05
19,Alexandre Lacazette,182115,10113389,Arsenal,fr FRA,"FW,MF",30.0,30.0,20.0,1782.0,19.8,4.0,7.0,2.0,2.0,3.0,0.0,0.0,0.2,0.35,0.56,0.1,0.45,7.9,5.6,1.9,7.6,0.4,0.1,0.5,0.28,0.38,38.0,22.0,3.0,13.0,61.0,48.0,13.0,69.0,52.0,0.0003955152916594032,0.0007811427010273214,0.0006921517604039556,5.5372140832316455e-05
20,Roberto Firmino,180000,9995915,Liverpool,br BRA,FW,29.0,20.0,10.0,990.0,11.0,5.0,4.0,5.0,0.0,0.0,3.0,0.0,0.45,0.36,0.82,0.45,0.82,5.0,5.0,2.4,7.4,0.46,0.22,0.67,0.46,0.67,38.0,28.0,8.0,2.0,94.0,26.0,68.0,92.0,43.8,0.0005002043334702225,0.0005002043334702225,0.000400163466776178,8.203351068911649e-05
21,Fabinho,180000,9995915,Liverpool,br BRA,MF,27.0,29.0,26.0,2314.0,25.7,5.0,1.0,3.0,2.0,2.0,7.0,0.0,0.19,0.04,0.23,0.12,0.16,3.4,1.9,1.4,3.3,0.13,0.05,0.19,0.07,0.13,38.0,28.0,8.0,2.0,94.0,26.0,68.0,92.0,22.6,0.0005002043334702225,0.0003401389467597513,0.0001000408666940445,2.3009399339630238e-05
22,Callum Hudson-Odoi,180000,9995915,Chelsea,eng ENG,"FW,MF",20.0,15.0,11.0,962.0,10.7,1.0,2.0,1.0,0.0,0.0,1.0,0.0,0.09,0.19,0.28,0.09,0.28,2.1,2.1,2.3,4.4,0.2,0.21,0.41,0.2,0.41,38.0,21.0,11.0,6.0,76.0,33.0,43.0,74.0,17.799999999999997,0.0001000408666940445,0.00021008582005749347,0.000200081733388089,2.8011442674332466e-05
23,Juan Mata,160000,8885258,Manchester United,es ESP,MF,33.0,7.0,2.0,235.0,2.6,0.0,0.0,0.0,0.0,0.0,0.0,0.0,0.0,0.0,0.0,0.0,0.0,0.3,0.3,0.2,0.5,0.11,0.06,0.17,0.11,0.17,38.0,16.0,10.0,12.0,57.0,57.0,0.0,58.0,1.0,0.0,3.376379166480028e-05,0.0,0.0
24,Christian Pulisic,150000,8329929,Chelsea,us USA,"MF,FW",22.0,22.0,13.0,1290.0,14.3,6.0,2.0,6.0,0.0,0.0,2.0,0.0,0.42,0.14,0.56,0.42,0.56,5.1,5.1,1.2,6.3,0.35,0.08,0.44,0.35,0.44,38.0,21.0,11.0,6.0,76.0,33.0,43.0,74.0,40.6,0.0007202942546088928,0.0006122501164175588,0.00024009808486963094,6.722746376349667e-05
25,Bernardo Silva,150000,8329929,Manchester City,pt POR,"MF,FW",26.0,35.0,33.0,2857.0,31.7,8.0,4.0,8.0,0.0,0.0,6.0,0.0,0.25,0.13,0.38,0.25,0.38,6.8,6.8,5.2,12.0,0.21,0.16,0.38,0.21,0.38,38.0,29.0,6.0,3.0,99.0,26.0,73.0,93.0,62.0,0.0009603923394785238,0.0008163334885567452,0.0004801961697392619,4.561863612522988e-05
26,Jamie Vardy,140000,7774601,Leicester City,eng ENG,FW,34.0,25.0,20.0,1806.0,20.1,15.0,2.0,15.0,0.0,0.0,2.0,0.0,0.75,0.1,0.85,0.75,0.85,9.5,9.5,1.6,11.1,0.47,0.08,0.55,0.47,0.55,38.0,14.0,10.0,14.0,62.0,59.0,3.0,52.0,86.2,0.0019293594616624056,0.0012219276590528568,0.0002572479282216541,0.00010933036949420299
27,Nicolas Pépé,140000,7774601,Arsenal,ci CIV,"FW,MF",26.0,20.0,5.0,696.0,7.7,1.0,2.0,1.0,0.0,0.0,0.0,0.0,0.13,0.26,0.39,0.13,0.39,2.9,2.9,1.7,4.6,0.38,0.22,0.6,0.38,0.6,38.0,22.0,3.0,13.0,61.0,48.0,13.0,69.0,19.2,0.00012862396411082705,0.0003730094959213984,0.0002572479282216541,5.016334600322255e-05
28,Wilfried Zaha,130000,7219272,Crystal Palace,ci CIV,FW,28.0,33.0,31.0,2760.0,30.7,14.0,1.0,9.0,5.0,7.0,6.0,1.0,0.46,0.03,0.49,0.29,0.33,9.4,4.0,4.8,8.8,0.31,0.16,0.46,0.13,0.29,38.0,11.0,15.0,12.0,50.0,46.0,4.0,48.0,67.6,0.0019392537086841998,0.0013020703472593914,0.0001385181220488714,6.787387980394699e-05
29,Philippe Coutinho,125000,6941608,Aston Villa,br BRA,"MF,FW",29.0,19.0,16.0,1329.0,14.8,5.0,3.0,5.0,0.0,0.0,0.0,0.0,0.34,0.2,0.54,0.34,0.54,3.7,3.7,3.2,6.9,0.25,0.22,0.47,0.25,0.47,38.0,13.0,6.0,19.0,52.0,54.0,-2.0,45.0,42.8,0.0007202942027265153,0.0005330177100176213,0.00043217652163590915,7.779177389446365e-05
30,Rodri,121154,6728020,Manchester City,es ESP,MF,25.0,33.0,33.0,2884.0,32.0,7.0,2.0,7.0,0.0,0.0,5.0,0.0,0.22,0.06,0.28,0.22,0.28,2.7,2.7,1.4,4.1,0.08,0.04,0.13,0.08,0.13,38.0,29.0,6.0,3.0,99.0,26.0,73.0,93.0,37.199999999999996,0.001040424969010199,0.0004013067737610768,0.0002972642768600569,4.1616998760407965e-05
31,Danny Ings,120000,6663944,Aston Villa,eng ENG,FW,29.0,30.0,22.0,1898.0,21.1,7.0,6.0,6.0,1.0,1.0,4.0,0.0,0.33,0.28,0.62,0.28,0.57,7.3,6.6,2.0,8.6,0.35,0.1,0.44,0.31,0.41,38.0,13.0,6.0,19.0,52.0,54.0,-2.0,45.0,59.2,0.0010504289952016402,0.001095447380710282,0.0009003677101728345,9.303799671785957e-05
32,Christian Benteke,120000,6663944,Crystal Palace,be BEL,FW,30.0,25.0,11.0,1145.0,12.7,4.0,1.0,4.0,0.0,0.0,3.0,0.0,0.31,0.08,0.39,0.31,0.39,5.4,5.4,1.1,6.5,0.42,0.09,0.51,0.42,0.51,38.0,11.0,15.0,12.0,50.0,46.0,4.0,48.0,29.0,0.000600245140115223,0.0008103309391555511,0.00015006128502880576,5.8523901161234246e-05
33,Bruno Guimarães,120000,6663944,Newcastle United,br BRA,MF,23.0,17.0,11.0,1034.0,11.5,5.0,1.0,5.0,0.0,0.0,4.0,0.0,0.44,0.09,0.52,0.44,0.52,2.9,2.9,1.8,4.7,0.25,0.16,0.41,0.25,0.41,38.0,13.0,10.0,15.0,44.0,62.0,-18.0,49.0,28.4,0.0007503064251440288,0.0004351777265835367,0.00015006128502880576,7.8031868214979e-05
34,Riyad Mahrez,120000,6663944,Manchester City,dz ALG,FW,30.0,28.0,15.0,1498.0,16.6,11.0,5.0,7.0,4.0,5.0,0.0,0.0,0.66,0.3,0.96,0.42,0.72,10.1,6.3,3.7,10.0,0.61,0.22,0.83,0.38,0.6,38.0,29.0,6.0,3.0,99.0,26.0,73.0,93.0,79.0,0.0016506741353168634,0.001515618978790938,0.0007503064251440288,0.00014405883362765353
35,Naby Keïta,120000,6663944,Liverpool,gn GUI,MF,26.0,23.0,14.0,1173.0,13.0,3.0,1.0,3.0,0.0,0.0,3.0,0.0,0.23,0.08,0.31,0.23,0.31,2.3,2.3,1.6,3.9,0.18,0.12,0.3,0.18,0.3,38.0,28.0,8.0,2.0,94.0,26.0,68.0,92.0,19.8,0.00045018385508641725,0.0003451409555662532,0.00015006128502880576,4.6518998358929785e-05
36,Abdoulaye Doucouré,120000,6663944,Everton,ml MLI,MF,28.0,30.0,29.0,2537.0,28.2,2.0,4.0,2.0,0.0,0.0,6.0,0.0,0.07,0.14,0.21,0.07,0.21,2.7,2.7,2.2,4.9,0.1,0.08,0.17,0.1,0.17,38.0,11.0,6.0,21.0,43.0,66.0,-23.0,39.0,23.799999999999997,0.0003001225700576115,0.00040516546957777556,0.000600245140115223,3.151286985604921e-05
37,Alex Oxlade-Chamberlain,120000,6663944,Liverpool,eng ENG,"MF,FW",27.0,17.0,9.0,785.0,8.7,2.0,1.0,2.0,0.0,0.0,0.0,0.0,0.23,0.11,0.34,0.23,0.34,1.2,1.2,0.9,2.1,0.14,0.11,0.24,0.14,0.24,38.0,28.0,8.0,2.0,94.0,26.0,68.0,92.0,15.200000000000001,0.0003001225700576115,0.0001800735420345669,0.00015006128502880576,5.102083690979396e-05
38,Fred,120000,6663944,Manchester United,br BRA,MF,28.0,28.0,24.0,2028.0,22.5,4.0,4.0,4.0,0.0,0.0,5.0,0.0,0.18,0.18,0.36,0.18,0.36,1.5,1.5,2.0,3.4,0.07,0.09,0.15,0.07,0.15,38.0,16.0,10.0,12.0,57.0,57.0,0.0,58.0,30.0,0.000600245140115223,0.00022509192754320863,0.000600245140115223,5.4022062610370067e-05
39,Martin Ødegaard,115000,6386279,Arsenal,no NOR,MF,22.0,36.0,32.0,2785.0,30.9,7.0,4.0,7.0,0.0,0.0,4.0,0.0,0.23,0.13,0.36,0.23,0.36,4.8,4.8,6.8,11.6,0.16,0.22,0.38,0.16,0.38,38.0,22.0,3.0,13.0,61.0,48.0,13.0,69.0,59.2,0.001096099935502348,0.0007516113843444672,0.0006263428202870561,5.637085382583504e-05
40,André Gomes,112308,6236768,Everton,pt POR,MF,28.0,14.0,7.0,619.0,6.9,0.0,1.0,0.0,0.0,0.0,3.0,0.0,0.0,0.15,0.15,0.0,0.15,0.7,0.7,0.2,0.9,0.1,0.03,0.13,0.1,0.13,38.0,11.0,6.0,21.0,43.0,66.0,-23.0,39.0,1.8000000000000007,0.0,0.00011223762051113654,0.0001603394578730522,2.405091868095783e-05
41,Jorginho,110000,6108615,Chelsea,it ITA,MF,29.0,29.0,26.0,2273.0,25.3,6.0,2.0,0.0,6.0,7.0,5.0,0.0,0.24,0.08,0.32,0.0,0.08,5.7,0.4,2.8,3.2,0.23,0.11,0.34,0.02,0.13,38.0,21.0,11.0,6.0,76.0,33.0,43.0,74.0,31.4,0.0009822193737860382,0.0009331084050967364,0.00032740645792867943,5.238503326858871e-05
42,James Maddison,110000,6108615,Leicester City,eng ENG,"MF,FW",24.0,35.0,28.0,2459.0,27.3,12.0,8.0,12.0,0.0,0.0,3.0,0.0,0.44,0.29,0.73,0.44,0.73,8.2,8.2,4.8,13.0,0.3,0.18,0.48,0.3,0.48,38.0,14.0,10.0,14.0,62.0,59.0,3.0,52.0,95.0,0.0019644387475720765,0.0013423664775075856,0.0013096258317147177,0.00011950335714396799
43,Dejan Kulusevski,110000,6108615,Tottenham Hotspur,se SWE,"MF,FW",21.0,18.0,14.0,1261.0,14.0,5.0,8.0,5.0,0.0,0.0,3.0,0.0,0.36,0.57,0.93,0.36,0.93,3.4,3.4,3.5,6.9,0.24,0.25,0.5,0.24,0.5,38.0,22.0,5.0,11.0,69.0,40.0,29.0,71.0,54.8,0.0008185161448216986,0.000556590978478755,0.0013096258317147177,0.00015224400293683594
44,Rodrigo,100000,5553286,Leeds United,es ESP,"MF,FW",30.0,31.0,27.0,2265.0,25.2,6.0,1.0,5.0,1.0,1.0,9.0,0.0,0.24,0.04,0.28,0.2,0.24,4.9,4.1,4.6,8.8,0.19,0.18,0.38,0.16,0.35,38.0,9.0,11.0,18.0,42.0,79.0,-37.0,38.0,35.400000000000006,0.0010804413819133392,0.0008823604618958937,0.0001800735636522232,5.04205978226225e-05
45,João Moutinho,100000,5553286,Wolverhampton Wanderers,pt POR,MF,34.0,35.0,34.0,2970.0,33.0,2.0,1.0,2.0,0.0,0.0,4.0,0.0,0.06,0.03,0.09,0.06,0.09,1.0,1.0,2.4,3.5,0.03,0.07,0.11,0.03,0.11,38.0,15.0,6.0,17.0,38.0,43.0,-5.0,51.0,13.8,0.0003601471273044464,0.0001800735636522232,0.0001800735636522232,1.620662072870009e-05
46,Sadio Mané,100000,5553286,Liverpool,sn SEN,FW,29.0,34.0,32.0,2819.0,31.3,16.0,2.0,16.0,0.0,0.0,5.0,0.0,0.51,0.06,0.57,0.51,0.57,16.7,16.7,4.4,21.1,0.53,0.14,0.67,0.53,0.67,38.0,28.0,8.0,2.0,94.0,26.0,68.0,92.0,107.2,0.002881177018435571,0.0030072285129921273,0.0003601471273044464,0.00010264193128176722
47,James Ward-Prowse,100000,5553286,Southampton,eng ENG,MF,26.0,36.0,36.0,3215.0,35.7,10.0,5.0,6.0,4.0,4.0,3.0,1.0,0.28,0.14,0.42,0.17,0.31,5.4,2.3,6.2,8.5,0.15,0.17,0.32,0.07,0.24,38.0,9.0,13.0,16.0,43.0,67.0,-24.0,40.0,66.0,0.001800735636522232,0.0009723972437220054,0.000900367818261116,7.563089673393374e-05
48,Leon Bailey,100000,5553286,Aston Villa,jm JAM,"FW,MF",23.0,18.0,7.0,761.0,8.5,1.0,2.0,1.0,0.0,0.0,3.0,0.0,0.12,0.24,0.35,0.12,0.35,1.6,1.6,0.6,2.2,0.19,0.07,0.26,0.19,0.26,38.0,13.0,6.0,19.0,52.0,54.0,-2.0,45.0,11.399999999999999,0.0001800735636522232,0.00028811770184355713,0.0003601471273044464,6.302574727827812e-05
49,Raúl Jiménez,100000,5553286,Wolverhampton Wanderers,mx MEX,FW,30.0,34.0,30.0,2631.0,29.2,6.0,4.0,5.0,1.0,1.0,9.0,2.0,0.21,0.14,0.34,0.17,0.31,6.6,6.1,2.7,8.7,0.23,0.09,0.32,0.21,0.3,38.0,15.0,6.0,17.0,38.0,43.0,-5.0,51.0,38.6,0.0010804413819133392,0.001188485520104673,0.0007202942546088928,6.122501164175589e-05
50,Hakim Ziyech,100000,5553286,Chelsea,ma MAR,"FW,MF",28.0,23.0,14.0,1319.0,14.7,4.0,3.0,4.0,0.0,0.0,3.0,0.0,0.27,0.2,0.48,0.27,0.48,3.4,3.4,3.5,6.9,0.23,0.24,0.47,0.23,0.47,38.0,21.0,11.0,6.0,76.0,33.0,43.0,74.0,35.8,0.0007202942546088928,0.0006122501164175589,0.0005402206909566696,8.643531055306713e-05
51,Dominic Calvert-Lewin,100000,5553286,Everton,eng ENG,FW,24.0,17.0,15.0,1283.0,14.3,5.0,2.0,3.0,2.0,3.0,2.0,0.0,0.35,0.14,0.49,0.21,0.35,6.8,4.6,1.8,6.4,0.48,0.13,0.61,0.32,0.45,38.0,11.0,6.0,21.0,43.0,66.0,-23.0,39.0,36.800000000000004,0.000900367818261116,0.0012245002328351178,0.0003601471273044464,8.823604618958937e-05
52,Ross Barkley,96154,5339698,Chelsea,eng ENG,MF,27.0,6.0,1.0,179.0,2.0,1.0,0.0,1.0,0.0,0.0,0.0,0.0,0.5,0.0,0.5,0.5,0.5,1.2,1.2,0.7,1.9,0.6,0.33,0.94,0.6,0.94,38.0,21.0,11.0,6.0,76.0,33.0,43.0,74.0,7.800000000000001,0.000187276508896196,0.0002247318106754352,0.0,9.3638254448098e-05
53,Richarlison,90000,4997958,Everton,br BRA,"FW,MF",24.0,30.0,28.0,2523.0,28.0,10.0,5.0,7.0,3.0,3.0,9.0,0.0,0.36,0.18,0.54,0.25,0.43,10.2,7.9,2.4,10.3,0.36,0.09,0.45,0.28,0.37,38.0,11.0,6.0,21.0,43.0,66.0,-23.0,39.0,66.6,0.00200081713371741,0.002040833476391758,0.001000408566858705,0.00010804412522074016
54,Gabriel Jesus,90000,4997958,Manchester City,br BRA,FW,24.0,28.0,21.0,1877.0,20.9,8.0,8.0,7.0,1.0,1.0,1.0,0.0,0.38,0.38,0.77,0.34,0.72,10.1,9.4,5.4,14.7,0.49,0.26,0.74,0.45,0.71,38.0,29.0,6.0,3.0,99.0,26.0,73.0,93.0,84.6,0.0016006537069739282,0.0020208253050545844,0.0016006537069739282,0.0001540629192962406
55,Lucas Moura,90000,4997958,Tottenham Hotspur,br BRA,"FW,MF",28.0,34.0,19.0,1775.0,19.7,2.0,6.0,2.0,0.0,0.0,4.0,0.0,0.1,0.3,0.41,0.1,0.41,3.7,3.7,4.4,8.1,0.19,0.23,0.41,0.19,0.41,38.0,22.0,5.0,11.0,69.0,40.0,29.0,71.0,38.2,0.00040016342674348206,0.0007403023394754419,0.0012004902802304463,8.203350248241382e-05
56,Diogo Jota,90000,4997958,Liverpool,pt POR,FW,24.0,35.0,27.0,2364.0,26.3,15.0,4.0,15.0,0.0,0.0,3.0,0.0,0.57,0.15,0.72,0.57,0.72,16.1,16.1,5.5,21.6,0.61,0.21,0.82,0.61,0.82,38.0,28.0,8.0,2.0,94.0,26.0,68.0,92.0,112.2,0.0030012257005761155,0.003221315585285031,0.0008003268534869641,0.00014405883362765353
57,Joelinton,85000,4720293,Newcastle United,br BRA,"MF,FW",24.0,35.0,30.0,2558.0,28.4,4.0,1.0,4.0,0.0,0.0,8.0,0.0,0.14,0.04,0.18,0.14,0.18,4.1,4.1,1.8,6.0,0.15,0.06,0.21,0.15,0.21,38.0,13.0,10.0,15.0,44.0,62.0,-18.0,49.0,22.8,0.0008474050233746084,0.0008685901489589736,0.0002118512558436521,3.813322605185738e-05
58,Michail Antonio,85000,4720293,West Ham United,jm JAM,FW,31.0,36.0,34.0,2971.0,33.0,10.0,8.0,10.0,0.0,1.0,8.0,1.0,0.3,0.24,0.55,0.3,0.55,11.1,10.8,6.6,17.5,0.34,0.2,0.54,0.33,0.53,38.0,16.0,8.0,14.0,60.0,51.0,9.0,56.0,87.8,0.002118512558436521,0.0023515489398645384,0.0016948100467492168,0.00011651819071400866
59,Fábio Silva,80000,4442629,Wolverhampton Wanderers,pt POR,FW,19.0,22.0,6.0,572.0,6.4,0.0,0.0,0.0,0.0,0.0,0.0,0.0,0.0,0.0,0.0,0.0,0.0,2.3,2.3,0.2,2.4,0.36,0.02,0.38,0.36,0.38,38.0,15.0,6.0,17.0,38.0,43.0,-5.0,51.0,5.0,0.0,0.0005177114721936042,0.0,0.0
60,Mason Mount,80000,4442629,Chelsea,eng ENG,"MF,FW",22.0,32.0,27.0,2363.0,26.3,11.0,10.0,10.0,1.0,1.0,4.0,0.0,0.42,0.38,0.8,0.38,0.76,8.9,8.1,6.7,14.8,0.34,0.25,0.59,0.31,0.56,38.0,21.0,11.0,6.0,76.0,33.0,43.0,74.0,99.60000000000001,0.0024760113887520203,0.0020033183054448166,0.002250919444320019,0.00018007355554560151
61,Fabian Delph,80000,4442629,Everton,eng ENG,MF,31.0,11.0,8.0,662.0,7.4,0.0,0.0,0.0,0.0,0.0,2.0,0.0,0.0,0.0,0.0,0.0,0.0,0.0,0.0,0.1,0.1,0.01,0.01,0.02,0.01,0.02,38.0,11.0,6.0,21.0,43.0,66.0,-23.0,39.0,-1.8,0.0,0.0,0.0,0.0
62,Salomón Rondón,80000,4442629,Everton,ve VEN,FW,31.0,20.0,8.0,790.0,8.8,1.0,1.0,1.0,0.0,0.0,3.0,1.0,0.11,0.11,0.23,0.11,0.23,2.2,2.2,0.7,2.9,0.25,0.09,0.33,0.25,0.33,38.0,11.0,6.0,21.0,43.0,66.0,-23.0,39.0,6.800000000000001,0.00022509194443200186,0.0004952022777504042,0.00022509194443200186,5.177114721936043e-05
63,Joe Willock,80000,4442629,Newcastle United,eng ENG,MF,21.0,29.0,24.0,2038.0,22.6,2.0,0.0,2.0,0.0,0.0,0.0,0.0,0.09,0.0,0.09,0.09,0.09,3.6,3.6,1.2,4.8,0.16,0.05,0.21,0.16,0.21,38.0,13.0,10.0,15.0,44.0,62.0,-18.0,49.0,17.599999999999998,0.0004501838888640037,0.0008103309999552067,0.0,2.025827499888017e-05
64,Boubakary Soumaré,80000,4442629,Leicester City,fr FRA,MF,22.0,19.0,12.0,1102.0,12.2,0.0,1.0,0.0,0.0,0.0,0.0,0.0,0.0,0.08,0.08,0.0,0.08,0.4,0.4,0.4,0.8,0.03,0.03,0.06,0.03,0.06,38.0,14.0,10.0,14.0,62.0,59.0,3.0,52.0,4.6,0.0,9.003677777280076e-05,0.00022509194443200186,1.8007355554560148e-05
65,Kelechi Iheanacho,80000,4442629,Leicester City,ng NGA,FW,24.0,26.0,13.0,1264.0,14.0,4.0,5.0,4.0,0.0,0.0,1.0,0.0,0.28,0.36,0.64,0.28,0.64,3.4,3.4,2.7,6.1,0.25,0.19,0.44,0.25,0.44,38.0,14.0,10.0,14.0,62.0,59.0,3.0,52.0,42.199999999999996,0.0009003677777280074,0.0007653126110688063,0.0011254597221600094,0.00014405884443648118
66,Bertrand Traoré,77885,4325156,Aston Villa,bf BFA,"MF,FW",25.0,9.0,1.0,220.0,2.4,0.0,0.0,0.0,0.0,0.0,0.0,0.0,0.0,0.0,0.0,0.0,0.0,0.3,0.3,0.0,0.3,0.13,0.0,0.13,0.13,0.13,38.0,13.0,6.0,19.0,52.0,54.0,-2.0,45.0,0.6,0.0,6.936166001873689e-05,0.0,0.0
67,Ollie Watkins,75000,4164965,Aston Villa,eng ENG,FW,25.0,35.0,33.0,2952.0,32.8,11.0,2.0,10.0,1.0,1.0,7.0,0.0,0.34,0.06,0.4,0.3,0.37,12.2,11.4,2.9,14.3,0.37,0.09,0.46,0.35,0.44,38.0,13.0,6.0,19.0,52.0,54.0,-2.0,45.0,71.6,0.002641078616506981,0.002929196283762288,0.00048019611209217843,9.603922241843569e-05
68,Leander Dendoncker,75000,4164965,Wolverhampton Wanderers,be BEL,MF,26.0,30.0,21.0,1950.0,21.7,2.0,2.0,2.0,0.0,0.0,4.0,0.0,0.09,0.09,0.18,0.09,0.18,2.6,2.6,0.9,3.5,0.12,0.04,0.16,0.12,0.16,38.0,15.0,6.0,17.0,38.0,43.0,-5.0,51.0,17.0,0.00048019611209217843,0.000624254945719832,0.00048019611209217843,4.321765008829606e-05
69,Rodrigo Bentancur,75000,4164965,Tottenham Hotspur,uy URU,MF,24.0,17.0,16.0,1361.0,15.1,0.0,4.0,0.0,0.0,0.0,5.0,0.0,0.0,0.26,0.26,0.0,0.26,0.9,0.9,2.3,3.2,0.06,0.15,0.21,0.06,0.21,38.0,22.0,5.0,11.0,69.0,40.0,29.0,71.0,13.399999999999999,0.0,0.0002160882504414803,0.0009603922241843569,6.242549457198319e-05
70,Jesse Lingard,75000,4164965,Manchester United,eng ENG,"FW,MF",28.0,16.0,2.0,367.0,4.1,2.0,0.0,2.0,0.0,0.0,1.0,0.0,0.49,0.0,0.49,0.49,0.49,0.7,0.7,0.4,1.1,0.17,0.1,0.26,0.17,0.26,38.0,16.0,10.0,12.0,57.0,57.0,0.0,58.0,9.200000000000001,0.00048019611209217843,0.00016806863923226245,0.0,0.00011764804746258372
71,Mason Greenwood,75000,4164965,Manchester United,eng ENG,"FW,MF",19.0,18.0,16.0,1271.0,14.1,5.0,1.0,5.0,0.0,0.0,1.0,0.0,0.35,0.07,0.42,0.35,0.42,4.4,4.4,1.6,6.0,0.31,0.11,0.42,0.31,0.42,38.0,16.0,10.0,12.0,57.0,57.0,0.0,58.0,34.0,0.001200490280230446,0.0010564314466027925,0.00024009805604608921,0.00010084118353935746
72,Takumi Minamino,75000,4164965,Liverpool,jp JPN,"FW,MF",26.0,11.0,1.0,186.0,2.1,3.0,0.0,3.0,0.0,0.0,1.0,0.0,1.45,0.0,1.45,1.45,1.45,1.8,1.8,0.5,2.3,0.88,0.25,1.13,0.88,1.13,38.0,28.0,8.0,2.0,94.0,26.0,68.0,92.0,15.600000000000001,0.0007202941681382676,0.0004321765008829606,0.0,0.00034814218126682936
73,Douglas Luiz,75000,4164965,Aston Villa,br BRA,MF,23.0,34.0,31.0,2715.0,30.2,2.0,3.0,2.0,0.0,0.0,7.0,0.0,0.07,0.1,0.17,0.07,0.17,2.0,2.0,2.5,4.5,0.07,0.08,0.15,0.07,0.15,38.0,13.0,6.0,19.0,52.0,54.0,-2.0,45.0,19.0,0.00048019611209217843,0.00048019611209217843,0.0007202941681382676,4.081666952783517e-05
74,Theo Walcott,75000,4164965,Southampton,eng ENG,"MF,FW",32.0,9.0,5.0,379.0,4.2,0.0,0.0,0.0,0.0,0.0,0.0,0.0,0.0,0.0,0.0,0.0,0.0,0.7,0.7,0.0,0.7,0.17,0.01,0.18,0.17,0.18,38.0,9.0,13.0,16.0,43.0,67.0,-24.0,40.0,1.4,0.0,0.00016806863923226245,0.0,0.0
75,Patson Daka,75000,4164965,Leicester City,zm ZAM,FW,22.0,23.0,13.0,1159.0,12.9,5.0,3.0,5.0,0.0,0.0,2.0,0.0,0.39,0.23,0.62,0.39,0.62,4.7,4.7,1.8,6.5,0.36,0.14,0.51,0.36,0.51,38.0,14.0,10.0,14.0,62.0,59.0,3.0,52.0,40.0,0.001200490280230446,0.0011284608634166194,0.0007202941681382676,0.0001488607947485753
76,Steven Bergwijn,75000,4164965,Tottenham Hotspur,nl NED,"FW,MF",23.0,25.0,4.0,565.0,6.3,3.0,1.0,3.0,0.0,0.0,1.0,0.0,0.48,0.16,0.64,0.48,0.64,3.1,3.1,0.7,3.7,0.49,0.11,0.59,0.49,0.59,38.0,22.0,5.0,11.0,69.0,40.0,29.0,71.0,21.599999999999998,0.0007202941681382676,0.0007443039737428766,0.00024009805604608921,0.00015366275586949711
77,Jean-Philippe Gbamin,75000,4164965,Everton,ci CIV,MF,25.0,3.0,1.0,67.0,0.7,0.0,0.0,0.0,0.0,0.0,0.0,0.0,0.0,0.0,0.0,0.0,0.0,0.0,0.0,0.0,0.0,0.0,0.0,0.0,0.0,0.0,38.0,11.0,6.0,21.0,43.0,66.0,-23.0,39.0,0.0,0.0,0.0,0.0,0.0
78,Giovani Lo Celso,70000,3887300,Tottenham Hotspur,ar ARG,"MF,FW",25.0,9.0,2.0,238.0,2.6,0.0,0.0,0.0,0.0,0.0,0.0,0.0,0.0,0.0,0.0,0.0,0.0,0.7,0.7,0.6,1.4,0.28,0.24,0.52,0.28,0.52,38.0,22.0,5.0,11.0,69.0,40.0,29.0,71.0,2.5999999999999996,0.0,0.00018007357291693462,0.0,0.0
79,Allan Saint-Maximin,70000,3887300,Newcastle United,fr FRA,"FW,MF",24.0,35.0,31.0,2804.0,31.2,5.0,5.0,5.0,0.0,0.0,6.0,0.0,0.16,0.16,0.32,0.16,0.32,5.1,5.1,5.8,10.9,0.16,0.19,0.35,0.16,0.35,38.0,13.0,10.0,15.0,44.0,62.0,-18.0,49.0,50.800000000000004,0.0012862398065495331,0.0013119646026805236,0.0012862398065495331,8.231934761917011e-05
80,Allan,70000,3887300,Everton,br BRA,MF,30.0,28.0,25.0,2183.0,24.3,0.0,2.0,0.0,0.0,0.0,7.0,1.0,0.0,0.08,0.08,0.0,0.08,0.2,0.2,0.9,1.1,0.01,0.04,0.04,0.01,0.04,38.0,11.0,6.0,21.0,43.0,66.0,-23.0,39.0,-1.799999999999999,0.0,5.144959226198132e-05,0.0005144959226198132,2.0579836904792528e-05
81,Manuel Lanzini,70000,3887300,West Ham United,ar ARG,"MF,FW",28.0,30.0,19.0,1786.0,19.8,5.0,3.0,2.0,3.0,3.0,2.0,0.0,0.25,0.15,0.4,0.1,0.25,3.4,1.1,2.2,3.3,0.17,0.11,0.28,0.06,0.17,38.0,16.0,8.0,14.0,60.0,51.0,9.0,56.0,33.6,0.0012862398065495331,0.0008746430684536824,0.0007717438839297199,0.00010289918452396264
82,Jacob Ramsey,70000,3887300,Aston Villa,eng ENG,MF,20.0,34.0,29.0,2467.0,27.4,6.0,1.0,6.0,0.0,0.0,6.0,0.0,0.22,0.04,0.26,0.22,0.26,3.8,3.8,2.0,5.8,0.14,0.07,0.21,0.14,0.21,38.0,13.0,6.0,19.0,52.0,54.0,-2.0,45.0,32.6,0.0015434877678594397,0.000977542252977645,0.0002572479613099066,6.688446994057572e-05
83,Patrick Bamford,70000,3887300,Leeds United,eng ENG,FW,27.0,9.0,7.0,559.0,6.2,2.0,2.0,2.0,0.0,0.0,2.0,0.0,0.32,0.32,0.64,0.32,0.64,3.9,3.9,1.0,4.9,0.63,0.15,0.78,0.63,0.78,38.0,9.0,11.0,18.0,42.0,79.0,-37.0,38.0,21.8,0.0005144959226198132,0.0010032670491086357,0.0005144959226198132,0.00016463869523834022
84,Bukayo Saka,70000,3887300,Arsenal,eng ENG,"FW,MF",19.0,38.0,36.0,2978.0,33.1,11.0,7.0,9.0,2.0,2.0,6.0,0.0,0.33,0.21,0.54,0.27,0.48,9.7,8.2,6.9,15.2,0.29,0.21,0.5,0.25,0.46,38.0,22.0,3.0,13.0,61.0,48.0,13.0,69.0,89.2,0.002829727574408973,0.0024953052247060938,0.0018007357291693464,0.00013891389910734958
85,Jonjo Shelvey,70000,3887300,Newcastle United,eng ENG,MF,29.0,24.0,22.0,1983.0,22.0,2.0,1.0,2.0,0.0,0.0,7.0,1.0,0.09,0.05,0.14,0.09,0.14,0.9,0.9,0.8,1.7,0.04,0.04,0.08,0.04,0.08,38.0,13.0,10.0,15.0,44.0,62.0,-18.0,49.0,4.4,0.0005144959226198132,0.00023152316517891595,0.0002572479613099066,3.6014714583386927e-05
86,Cheikhou Kouyaté,65000,3609636,Crystal Palace,sn SEN,MF,31.0,27.0,23.0,1974.0,21.9,0.0,1.0,0.0,0.0,0.0,3.0,0.0,0.0,0.05,0.05,0.0,0.05,0.6,0.6,0.7,1.3,0.03,0.03,0.06,0.03,0.06,38.0,11.0,15.0,12.0,50.0,46.0,4.0,48.0,2.5999999999999996,0.0,0.0001662217464586457,0.0002770362440977428,1.3851812204887142e-05
87,Stuart Armstrong,65000,3609636,Southampton,sct SCO,MF,29.0,25.0,15.0,1473.0,16.4,2.0,0.0,2.0,0.0,0.0,1.0,0.0,0.12,0.0,0.12,0.12,0.12,2.8,2.8,1.4,4.1,0.17,0.08,0.25,0.17,0.25,38.0,9.0,13.0,16.0,43.0,67.0,-24.0,40.0,15.399999999999999,0.0005540724881954856,0.0007757014834736799,0.0,3.3244349291729135e-05
88,Pablo Fornals,65000,3609636,West Ham United,es ESP,"FW,MF",25.0,36.0,32.0,2795.0,31.1,6.0,3.0,6.0,0.0,0.0,4.0,0.0,0.19,0.1,0.29,0.19,0.29,5.0,5.0,5.6,10.6,0.16,0.18,0.34,0.16,0.34,38.0,16.0,8.0,14.0,60.0,51.0,9.0,56.0,50.2,0.0016622174645864569,0.0013851812204887142,0.0008311087322932284,8.034051078834541e-05
89,Oriol Romeu,65000,3609636,Southampton,es ESP,MF,29.0,36.0,34.0,2889.0,32.1,2.0,2.0,2.0,0.0,0.0,9.0,0.0,0.06,0.06,0.12,0.06,0.12,1.3,1.3,2.8,4.1,0.04,0.09,0.13,0.04,0.13,38.0,9.0,13.0,16.0,43.0,67.0,-24.0,40.0,13.200000000000003,0.0005540724881954856,0.00036014711732706566,0.0005540724881954856,3.3244349291729135e-05
90,Daniel Podence,60000,3331972,Wolverhampton Wanderers,pt POR,"FW,MF",25.0,26.0,15.0,1484.0,16.5,2.0,3.0,2.0,0.0,0.0,2.0,0.0,0.12,0.18,0.3,0.12,0.3,1.9,1.9,3.8,5.8,0.12,0.23,0.35,0.12,0.35,38.0,15.0,6.0,17.0,38.0,43.0,-5.0,51.0,26.4,0.000600245140115223,0.0005702328831094618,0.0009003677101728345,9.003677101728346e-05
91,Shane Long,60000,3331972,Southampton,ie IRL,FW,34.0,13.0,3.0,308.0,3.4,1.0,0.0,1.0,0.0,0.0,1.0,0.0,0.29,0.0,0.29,0.29,0.29,1.0,1.0,0.1,1.1,0.29,0.03,0.32,0.29,0.32,38.0,9.0,13.0,16.0,43.0,67.0,-24.0,40.0,5.2,0.0003001225700576115,0.0003001225700576115,0.0,8.703554531670733e-05
92,Mohamed Elyounoussi,60000,3331972,Southampton,no NOR,"MF,FW",26.0,30.0,23.0,2042.0,22.7,4.0,2.0,4.0,0.0,0.0,4.0,0.0,0.18,0.09,0.26,0.18,0.26,6.0,6.0,2.5,8.5,0.26,0.11,0.37,0.26,0.37,38.0,9.0,13.0,16.0,43.0,67.0,-24.0,40.0,35.0,0.001200490280230446,0.001800735420345669,0.000600245140115223,7.8031868214979e-05
93,Cenk Tosun,60000,3331972,Everton,tr TUR,FW,30.0,1.0,0.0,7.0,0.1,0.0,0.0,0.0,0.0,0.0,0.0,0.0,0.0,0.0,0.0,0.0,0.0,0.0,0.0,0.0,0.0,0.0,0.0,0.0,0.0,0.0,38.0,11.0,6.0,21.0,43.0,66.0,-23.0,39.0,0.0,0.0,0.0,0.0,0.0
94,Dwight Gayle,60000,3331972,Newcastle United,eng ENG,FW,30.0,8.0,0.0,38.0,0.4,0.0,0.0,0.0,0.0,0.0,1.0,0.0,0.0,0.0,0.0,0.0,0.0,0.3,0.3,0.5,0.8,0.71,1.19,1.89,0.71,1.89,38.0,13.0,10.0,15.0,44.0,62.0,-18.0,49.0,0.6000000000000001,0.0,9.003677101728346e-05,0.0,0.0
95,Nathan Redmond,60000,3331972,Southampton,eng ENG,"MF,FW",27.0,27.0,20.0,1833.0,20.4,1.0,5.0,1.0,0.0,0.0,0.0,0.0,0.05,0.25,0.29,0.05,0.29,1.9,1.9,4.3,6.3,0.09,0.21,0.31,0.09,0.31,38.0,9.0,13.0,16.0,43.0,67.0,-24.0,40.0,31.4,0.0003001225700576115,0.0005702328831094618,0.0015006128502880575,8.703554531670733e-05
96,Scott McTominay,60000,3331972,Manchester United,sct SCO,MF,24.0,30.0,28.0,2387.0,26.5,1.0,1.0,1.0,0.0,0.0,9.0,0.0,0.04,0.04,0.08,0.04,0.08,1.5,1.5,1.8,3.3,0.06,0.07,0.12,0.06,0.12,38.0,16.0,10.0,12.0,57.0,57.0,0.0,58.0,4.6,0.0003001225700576115,0.00045018385508641725,0.0003001225700576115,2.400980560460892e-05
97,Declan Rice,60000,3331972,West Ham United,eng ENG,MF,22.0,36.0,35.0,3179.0,35.3,1.0,4.0,1.0,0.0,0.0,8.0,0.0,0.03,0.11,0.14,0.03,0.14,1.1,1.1,2.0,3.0,0.03,0.06,0.09,0.03,0.09,38.0,16.0,8.0,14.0,60.0,51.0,9.0,56.0,14.2,0.0003001225700576115,0.0003301348270633727,0.001200490280230446,4.201715980806561e-05
98,Jarrod Bowen,60000,3331972,West Ham United,eng ENG,FW,24.0,36.0,34.0,2983.0,33.1,12.0,10.0,12.0,0.0,0.0,6.0,0.0,0.36,0.3,0.66,0.36,0.66,11.1,11.1,5.7,16.8,0.34,0.17,0.51,0.34,0.51,38.0,16.0,8.0,14.0,60.0,51.0,9.0,56.0,105.60000000000001,0.003601470840691338,0.0033313605276394874,0.003001225700576115,0.0001980808962380236
99,Phil Foden,60000,3331972,Manchester City,eng ENG,FW,21.0,28.0,24.0,2128.0,23.6,9.0,5.0,9.0,0.0,0.0,1.0,0.0,0.38,0.21,0.59,0.38,0.59,9.1,9.1,6.6,15.7,0.38,0.28,0.66,0.38,0.66,38.0,29.0,6.0,3.0,99.0,26.0,73.0,93.0,81.4,0.0027011031305185034,0.0027311153875242645,0.0015006128502880575,0.00017707231633399078
100,Divock Origi,60000,3331972,Liverpool,be BEL,FW,26.0,7.0,0.0,133.0,1.5,3.0,0.0,3.0,0.0,0.0,0.0,0.0,2.03,0.0,2.03,2.03,2.03,1.6,1.6,0.0,1.6,1.08,0.0,1.08,1.08,1.08,38.0,28.0,8.0,2.0,94.0,26.0,68.0,92.0,15.2,0.0009003677101728345,0.00048019611209217843,0.0,0.0006092488172169513
101,Luis Díaz,56000,3109840,Liverpool,co COL,FW,24.0,13.0,11.0,958.0,10.6,4.0,3.0,4.0,0.0,0.0,0.0,0.0,0.38,0.28,0.66,0.38,0.66,4.5,4.5,1.8,6.3,0.42,0.17,0.59,0.42,0.59,38.0,28.0,8.0,2.0,94.0,26.0,68.0,92.0,37.6,0.0012862398065495331,0.0014470197823682246,0.0009646798549121497,0.00021222956808067297
102,Ibrahima Diallo,55000,3054307,Southampton,fr FRA,MF,22.0,23.0,10.0,1023.0,11.4,0.0,2.0,0.0,0.0,0.0,1.0,0.0,0.0,0.18,0.18,0.0,0.18,0.5,0.5,1.0,1.4,0.04,0.09,0.13,0.04,0.13,38.0,9.0,13.0,16.0,43.0,67.0,-24.0,40.0,8.0,0.0,0.00016370325576309128,0.0006548130230523651,5.8933172074712856e-05
103,James McArthur,55000,3054307,Crystal Palace,sct SCO,MF,33.0,21.0,15.0,1439.0,16.0,0.0,3.0,0.0,0.0,0.0,4.0,0.0,0.0,0.19,0.19,0.0,0.19,0.3,0.3,1.0,1.4,0.02,0.06,0.08,0.02,0.08,38.0,11.0,15.0,12.0,50.0,46.0,4.0,48.0,7.6,0.0,9.822195345785476e-05,0.0009822195345785478,6.220723718997469e-05
104,Nampalys Mendy,55000,3054307,Leicester City,sn SEN,MF,29.0,14.0,12.0,1032.0,11.5,0.0,0.0,0.0,0.0,0.0,3.0,0.0,0.0,0.0,0.0,0.0,0.0,0.0,0.0,0.0,0.0,0.0,0.0,0.0,0.0,0.0,38.0,14.0,10.0,14.0,62.0,59.0,3.0,52.0,-3.0,0.0,0.0,0.0,0.0
105,Adama Traoré,55000,3054307,Wolverhampton Wanderers,es ESP,FW,25.0,20.0,10.0,1067.0,11.9,1.0,0.0,1.0,0.0,0.0,0.0,0.0,0.08,0.0,0.08,0.08,0.08,2.4,2.4,1.7,4.1,0.2,0.15,0.35,0.2,0.35,38.0,15.0,6.0,17.0,38.0,43.0,-5.0,51.0,12.200000000000001,0.00032740651152618255,0.0007857756276628381,0.0,2.6192520922094607e-05
106,Saïd Benrahma,55000,3054307,West Ham United,dz ALG,"FW,MF",25.0,32.0,26.0,2168.0,24.1,8.0,6.0,8.0,0.0,0.0,0.0,0.0,0.33,0.25,0.58,0.33,0.58,5.1,5.1,3.2,8.3,0.21,0.13,0.35,0.21,0.35,38.0,16.0,8.0,14.0,60.0,51.0,9.0,56.0,66.60000000000001,0.0026192520922094604,0.0016697732087835309,0.0019644390691570955,0.00018989577668518588
107,John McGinn,55000,3054307,Aston Villa,sct SCO,MF,26.0,35.0,35.0,3090.0,34.3,3.0,4.0,3.0,0.0,0.0,8.0,0.0,0.09,0.12,0.2,0.09,0.2,1.5,1.5,4.9,6.4,0.04,0.14,0.19,0.04,0.19,38.0,13.0,6.0,19.0,52.0,54.0,-2.0,45.0,28.799999999999997,0.0009822195345785478,0.0004911097672892739,0.0013096260461047302,6.548130230523651e-05
108,Adam Armstrong,55000,3054307,Southampton,eng ENG,FW,24.0,23.0,17.0,1413.0,15.7,2.0,2.0,2.0,0.0,0.0,1.0,0.0,0.13,0.13,0.25,0.13,0.25,4.3,4.3,1.7,6.0,0.27,0.11,0.38,0.27,0.38,38.0,9.0,13.0,16.0,43.0,67.0,-24.0,40.0,25.0,0.0006548130230523651,0.0014078479995625849,0.0006548130230523651,8.185162788154564e-05
109,Moussa Djenepo,55000,3054307,Southampton,ml MLI,MF,23.0,12.0,5.0,457.0,5.1,0.0,0.0,0.0,0.0,0.0,3.0,0.0,0.0,0.0,0.0,0.0,0.0,1.5,1.5,0.2,1.7,0.3,0.05,0.34,0.3,0.34,38.0,9.0,13.0,16.0,43.0,67.0,-24.0,40.0,0.3999999999999999,0.0,0.0004911097672892739,0.0,0.0
110,Jean-Philippe Mateta,50000,2776643,Crystal Palace,fr FRA,FW,24.0,22.0,13.0,1145.0,12.7,5.0,1.0,5.0,0.0,0.0,2.0,0.0,0.39,0.08,0.47,0.39,0.47,5.5,5.5,1.3,6.8,0.43,0.11,0.54,0.43,0.54,38.0,11.0,15.0,12.0,50.0,46.0,4.0,48.0,34.6,0.001800735636522232,0.001980809200174455,0.0003601471273044464,0.0001692691498330898
111,Maxwel Cornet,50000,2776643,Burnley,ci CIV,"FW,MF",24.0,26.0,21.0,1766.0,19.6,9.0,1.0,9.0,0.0,1.0,2.0,0.0,0.46,0.05,0.51,0.46,0.51,6.7,5.9,1.5,7.4,0.34,0.07,0.42,0.3,0.38,38.0,7.0,14.0,17.0,34.0,53.0,-19.0,35.0,51.8,0.0032413241457400176,0.002412985752939791,0.0003601471273044464,0.00018367503492526768
112,Jack Harrison,50000,2776643,Leeds United,eng ENG,"FW,MF",24.0,35.0,32.0,2639.0,29.3,8.0,1.0,8.0,0.0,0.0,3.0,0.0,0.27,0.03,0.31,0.27,0.31,4.0,4.0,2.6,6.6,0.14,0.09,0.22,0.14,0.22,38.0,9.0,11.0,18.0,42.0,79.0,-37.0,38.0,45.2,0.002881177018435571,0.0014405885092177856,0.0003601471273044464,0.00011164560946437838
113,Rúben Neves,50000,2776643,Wolverhampton Wanderers,pt POR,MF,24.0,33.0,31.0,2661.0,29.6,4.0,2.0,4.0,0.0,0.0,9.0,0.0,0.14,0.07,0.2,0.14,0.2,1.2,1.2,2.2,3.4,0.04,0.07,0.12,0.04,0.12,38.0,15.0,6.0,17.0,38.0,43.0,-5.0,51.0,19.799999999999997,0.0014405885092177856,0.00043217655276533566,0.0007202942546088928,7.202942546088928e-05
114,Albert Sambi Lokonga,50000,2776643,Arsenal,be BEL,MF,21.0,19.0,12.0,1134.0,12.6,0.0,0.0,0.0,0.0,0.0,5.0,0.0,0.0,0.0,0.0,0.0,0.0,0.6,0.6,0.8,1.4,0.05,0.06,0.11,0.05,0.11,38.0,22.0,3.0,13.0,61.0,48.0,13.0,69.0,-2.2,0.0,0.00021608827638266783,0.0,0.0
115,Mohamed Elneny,50000,2776643,Arsenal,eg EGY,MF,29.0,14.0,8.0,806.0,9.0,0.0,2.0,0.0,0.0,0.0,1.0,0.0,0.0,0.22,0.22,0.0,0.22,0.2,0.2,0.6,0.7,0.02,0.06,0.08,0.02,0.08,38.0,22.0,3.0,13.0,61.0,48.0,13.0,69.0,6.6000000000000005,0.0,7.202942546088928e-05,0.0007202942546088928,7.92323680069782e-05
116,Jeffrey Schlupp,50000,2776643,Crystal Palace,gh GHA,"MF,FW",28.0,32.0,20.0,1851.0,20.6,4.0,1.0,4.0,0.0,0.0,1.0,0.0,0.19,0.05,0.24,0.19,0.24,3.1,3.1,1.8,4.9,0.15,0.09,0.24,0.15,0.24,38.0,11.0,15.0,12.0,50.0,46.0,4.0,48.0,27.8,0.0014405885092177856,0.001116456094643784,0.0003601471273044464,8.643531055306713e-05
117,Harry Winks,50000,2776643,Tottenham Hotspur,eng ENG,MF,25.0,19.0,9.0,912.0,10.1,0.0,1.0,0.0,0.0,0.0,2.0,0.0,0.0,0.1,0.1,0.0,0.1,0.1,0.1,1.5,1.6,0.01,0.15,0.16,0.01,0.16,38.0,22.0,5.0,11.0,69.0,40.0,29.0,71.0,4.2,0.0,3.601471273044464e-05,0.0003601471273044464,3.601471273044464e-05
118,Pedro Neto,50000,2776643,Wolverhampton Wanderers,pt POR,"FW,MF",21.0,13.0,5.0,466.0,5.2,1.0,1.0,1.0,0.0,0.0,3.0,0.0,0.19,0.19,0.39,0.19,0.39,1.5,1.5,1.1,2.6,0.29,0.22,0.51,0.29,0.51,38.0,15.0,6.0,17.0,38.0,43.0,-5.0,51.0,9.2,0.0003601471273044464,0.0005402206909566696,0.0003601471273044464,0.0001404573796487341
119,Mark Noble,50000,2776643,West Ham United,eng ENG,MF,34.0,11.0,3.0,332.0,3.7,1.0,0.0,0.0,1.0,2.0,0.0,0.0,0.27,0.0,0.27,0.0,0.0,1.5,0.0,0.2,0.2,0.41,0.06,0.47,0.0,0.06,38.0,16.0,8.0,14.0,60.0,51.0,9.0,56.0,4.4,0.0003601471273044464,0.0005402206909566696,0.0,9.723972437220054e-05
120,Callum Wilson,46000,2554512,Newcastle United,eng ENG,FW,29.0,18.0,16.0,1386.0,15.4,8.0,0.0,6.0,2.0,2.0,4.0,0.0,0.52,0.0,0.52,0.39,0.39,6.5,5.0,0.6,5.5,0.42,0.04,0.46,0.32,0.36,38.0,13.0,10.0,15.0,44.0,62.0,-18.0,49.0,39.2,0.0031317136110536963,0.002544517308981128,0.0,0.00020356138471849024
121,Keinan Davis,45000,2498979,Aston Villa,eng ENG,FW,23.0,1.0,0.0,12.0,0.1,0.0,0.0,0.0,0.0,0.0,0.0,0.0,0.0,0.0,0.0,0.0,0.0,0.0,0.0,0.0,0.0,0.0,0.0,0.0,0.0,0.0,38.0,13.0,6.0,19.0,52.0,54.0,-2.0,45.0,0.0,0.0,0.0,0.0,0.0
122,Michael Olise,45000,2498979,Crystal Palace,fr FRA,"FW,MF",19.0,26.0,12.0,1141.0,12.7,2.0,5.0,2.0,0.0,0.0,4.0,0.0,0.16,0.39,0.55,0.16,0.55,1.4,1.4,3.4,4.8,0.11,0.27,0.38,0.11,0.38,38.0,11.0,15.0,12.0,50.0,46.0,4.0,48.0,28.6,0.0008003268534869641,0.0005602287974408749,0.00200081713371741,0.00022008988470891515
123,Tom Cleverley,45000,2498979,Watford,eng ENG,MF,31.0,28.0,20.0,1616.0,18.0,0.0,2.0,0.0,0.0,0.0,2.0,0.0,0.0,0.11,0.11,0.0,0.11,0.8,0.8,2.0,2.9,0.05,0.11,0.16,0.05,0.16,38.0,6.0,5.0,27.0,34.0,77.0,-43.0,23.0,9.6,0.0,0.0003201307413947857,0.0008003268534869641,4.401797694178303e-05
124,Ayoze Pérez,45000,2498979,Leicester City,es ESP,"MF,FW",28.0,14.0,6.0,445.0,4.9,2.0,3.0,2.0,0.0,0.0,0.0,1.0,0.4,0.61,1.01,0.4,1.01,1.5,1.5,0.9,2.4,0.31,0.18,0.49,0.31,0.49,38.0,14.0,10.0,14.0,62.0,59.0,3.0,52.0,18.8,0.0008003268534869641,0.0006002451401152231,0.0012004902802304463,0.0004041650610109169
125,Morgan Sanson,45000,2498979,Aston Villa,fr FRA,MF,26.0,10.0,3.0,356.0,4.0,0.0,0.0,0.0,0.0,0.0,0.0,0.0,0.0,0.0,0.0,0.0,0.0,0.0,0.0,0.0,0.0,0.0,0.0,0.01,0.0,0.01,38.0,13.0,6.0,19.0,52.0,54.0,-2.0,45.0,0.0,0.0,0.0,0.0,0.0
126,Eddie Nketiah,45000,2498979,Arsenal,eng ENG,FW,22.0,21.0,8.0,835.0,9.3,5.0,1.0,5.0,0.0,0.0,3.0,0.0,0.54,0.11,0.65,0.54,0.65,4.6,4.6,1.4,6.1,0.5,0.16,0.65,0.5,0.65,38.0,22.0,3.0,13.0,61.0,48.0,13.0,69.0,32.0,0.00200081713371741,0.0018407517630200175,0.00040016342674348206,0.00026010622738326333
127,Milot Rashica,45000,2498979,Norwich City,xk KVX,"FW,MF",25.0,31.0,25.0,2229.0,24.8,1.0,2.0,1.0,0.0,0.0,0.0,0.0,0.04,0.08,0.12,0.04,0.12,2.7,2.7,2.6,5.3,0.11,0.1,0.21,0.11,0.21,38.0,5.0,7.0,26.0,23.0,84.0,-61.0,22.0,20.6,0.00040016342674348206,0.0010804412522074016,0.0008003268534869641,4.801961120921785e-05
128,Bryan Mbeumo,45000,2498979,Brentford,fr FRA,FW,21.0,35.0,34.0,2905.0,32.3,4.0,7.0,3.0,1.0,1.0,4.0,0.0,0.12,0.22,0.34,0.09,0.31,9.7,9.0,3.6,12.5,0.3,0.11,0.41,0.28,0.39,38.0,13.0,7.0,18.0,48.0,56.0,-8.0,46.0,58.2,0.0016006537069739282,0.003881585239411776,0.0028011439872043745,0.00013605556509278392
129,Ryan Fraser,42000,2332380,Newcastle United,sct SCO,"FW,MF",27.0,27.0,18.0,1465.0,16.3,2.0,3.0,2.0,0.0,0.0,3.0,0.0,0.12,0.18,0.31,0.12,0.31,2.8,2.8,2.2,5.1,0.17,0.14,0.31,0.17,0.31,38.0,13.0,10.0,15.0,44.0,62.0,-18.0,49.0,24.0,0.0008574932043663554,0.0012004904861128974,0.0012862398065495331,0.00013291144667678507
130,Miguel Almirón,42000,2332380,Newcastle United,py PAR,"MF,FW",27.0,30.0,19.0,1716.0,19.1,1.0,0.0,1.0,0.0,0.0,2.0,0.0,0.05,0.0,0.05,0.05,0.05,2.1,2.1,0.7,2.7,0.11,0.03,0.14,0.11,0.14,38.0,13.0,10.0,15.0,44.0,62.0,-18.0,49.0,7.6,0.0004287466021831777,0.0009003678645846732,0.0,2.1437330109158885e-05
131,Josh Brownhill,40000,2221315,Burnley,eng ENG,MF,25.0,35.0,32.0,2955.0,32.8,2.0,3.0,2.0,0.0,0.0,10.0,0.0,0.06,0.09,0.15,0.06,0.15,1.4,1.4,2.5,3.9,0.04,0.08,0.12,0.04,0.12,38.0,7.0,14.0,17.0,34.0,53.0,-19.0,35.0,14.8,0.0009003675750625192,0.0006302573025437634,0.001350551362593779,6.752756812968894e-05
132,Ashley Barnes,40000,2221315,Burnley,eng ENG,FW,31.0,23.0,8.0,808.0,9.0,1.0,0.0,0.0,1.0,1.0,4.0,0.0,0.11,0.0,0.11,0.0,0.0,1.8,1.0,1.6,2.6,0.2,0.18,0.38,0.11,0.29,38.0,7.0,14.0,17.0,34.0,53.0,-19.0,35.0,5.199999999999999,0.0004501837875312596,0.0008103308175562673,0.0,4.9520216628438556e-05
133,Emile Smith Rowe,40000,2221315,Arsenal,eng ENG,"MF,FW",21.0,33.0,21.0,1921.0,21.3,10.0,2.0,10.0,0.0,0.0,1.0,0.0,0.47,0.09,0.56,0.47,0.56,5.8,5.8,2.2,8.0,0.27,0.1,0.37,0.27,0.37,38.0,22.0,3.0,13.0,61.0,48.0,13.0,69.0,61.0,0.0045018378753125966,0.002611065967681306,0.0009003675750625192,0.0002521029210175054
134,Andros Townsend,40000,2221315,Everton,eng ENG,MF,30.0,21.0,17.0,1455.0,16.2,3.0,2.0,2.0,1.0,1.0,3.0,0.0,0.19,0.12,0.31,0.12,0.25,2.3,1.5,2.4,3.9,0.14,0.15,0.29,0.09,0.24,38.0,11.0,6.0,21.0,43.0,66.0,-23.0,39.0,22.8,0.001350551362593779,0.001035422711321897,0.0009003675750625192,0.0001395569741346905
135,Oliver Skipp,40000,2221315,Tottenham Hotspur,eng ENG,MF,20.0,18.0,14.0,1350.0,15.0,0.0,0.0,0.0,0.0,0.0,6.0,0.0,0.0,0.0,0.0,0.0,0.0,0.2,0.2,0.9,1.1,0.01,0.06,0.07,0.01,0.07,38.0,22.0,5.0,11.0,69.0,40.0,29.0,71.0,-3.8,0.0,9.003675750625193e-05,0.0,0.0
136,Harvey Barnes,40000,2221315,Leicester City,eng ENG,"FW,MF",23.0,32.0,24.0,2101.0,23.3,6.0,10.0,6.0,0.0,0.0,2.0,0.0,0.26,0.43,0.69,0.26,0.69,6.8,6.8,4.0,10.8,0.29,0.17,0.46,0.29,0.46,38.0,14.0,10.0,14.0,62.0,59.0,3.0,52.0,73.6,0.002701102725187558,0.0030612497552125655,0.0045018378753125966,0.0003106268133965691
137,Joshua King,39231,2178597,Watford,no NOR,FW,29.0,32.0,27.0,2248.0,25.0,5.0,3.0,4.0,1.0,1.0,5.0,0.0,0.2,0.12,0.32,0.16,0.28,8.0,7.2,3.2,10.4,0.32,0.13,0.45,0.29,0.42,38.0,6.0,5.0,27.0,34.0,77.0,-43.0,23.0,44.8,0.002295055028534419,0.0036720880456550704,0.0013770330171206514,0.00014688352182620282
138,Ademola Lookman,39231,2178597,Leicester City,ng NGA,"FW,MF",23.0,26.0,16.0,1453.0,16.1,6.0,0.0,6.0,0.0,0.0,2.0,0.0,0.37,0.0,0.37,0.37,0.37,5.1,5.1,1.9,6.9,0.31,0.12,0.43,0.31,0.43,38.0,14.0,10.0,14.0,62.0,59.0,3.0,52.0,36.0,0.002754066034241303,0.002340956129105107,0.0,0.000169834072111547
139,Jack Cork,38077,2114521,Burnley,eng ENG,MF,32.0,20.0,20.0,1670.0,18.6,1.0,0.0,1.0,0.0,0.0,4.0,0.0,0.05,0.0,0.05,0.05,0.05,0.8,0.8,0.1,0.9,0.04,0.01,0.05,0.04,0.05,38.0,7.0,14.0,17.0,34.0,53.0,-19.0,35.0,1.7999999999999998,0.0004729203446075967,0.0003783362756860774,0.0,2.3646017230379836e-05
140,Dale Stephens,37500,2082482,Burnley,eng ENG,MF,32.0,3.0,1.0,124.0,1.4,0.0,0.0,0.0,0.0,0.0,1.0,0.0,0.0,0.0,0.0,0.0,0.0,0.0,0.0,0.0,0.1,0.02,0.03,0.06,0.02,0.06,38.0,7.0,14.0,17.0,34.0,53.0,-19.0,35.0,-1.0,0.0,0.0,0.0,0.0
141,Ashley Westwood,35962,1997047,Burnley,eng ENG,MF,31.0,27.0,26.0,2287.0,25.4,0.0,3.0,0.0,0.0,0.0,7.0,0.0,0.0,0.12,0.12,0.0,0.12,0.8,0.8,3.6,4.3,0.03,0.14,0.17,0.03,0.17,38.0,7.0,14.0,17.0,34.0,53.0,-19.0,35.0,10.8,0.0,0.00040059147331034274,0.0015022180249137853,6.008872099655141e-05
142,Wout Weghorst,35000,1943650,Burnley,nl NED,FW,28.0,20.0,17.0,1450.0,16.1,2.0,3.0,2.0,0.0,0.0,3.0,0.0,0.12,0.19,0.31,0.12,0.31,4.2,4.2,1.4,5.7,0.26,0.09,0.35,0.26,0.35,38.0,7.0,14.0,17.0,34.0,53.0,-19.0,35.0,25.2,0.0010289918452396265,0.0021608828750032155,0.0015434877678594397,0.0001594937360121421
143,Ainsley Maitland-Niles,35000,1943650,Arsenal,eng ENG,MF,23.0,8.0,2.0,268.0,3.0,0.0,0.0,0.0,0.0,0.0,0.0,0.0,0.0,0.0,0.0,0.0,0.0,0.0,0.0,0.3,0.4,0.01,0.12,0.13,0.01,0.13,38.0,22.0,3.0,13.0,61.0,48.0,13.0,69.0,0.6,0.0,0.0,0.0,0.0
144,Jordan Ayew,35000,1943650,Crystal Palace,gh GHA,FW,29.0,31.0,23.0,2019.0,22.4,3.0,3.0,3.0,0.0,0.0,2.0,0.0,0.13,0.13,0.27,0.13,0.27,3.7,3.7,2.3,6.1,0.17,0.1,0.27,0.17,0.27,38.0,11.0,15.0,12.0,50.0,46.0,4.0,48.0,31.0,0.0015434877678594397,0.001903634913693309,0.0015434877678594397,0.00013891389910734958
145,Will Hughes,35000,1943650,Crystal Palace,eng ENG,MF,26.0,16.0,13.0,1053.0,11.7,0.0,1.0,0.0,0.0,0.0,6.0,0.0,0.0,0.09,0.09,0.0,0.09,0.2,0.2,0.7,0.8,0.01,0.06,0.07,0.01,0.07,38.0,11.0,15.0,12.0,50.0,46.0,4.0,48.0,-1.2000000000000002,0.0,0.00010289918452396264,0.0005144959226198132,4.6304633035783185e-05
146,Youri Tielemans,35000,1943650,Leicester City,be BEL,MF,24.0,32.0,29.0,2631.0,29.2,6.0,4.0,4.0,2.0,2.0,3.0,0.0,0.21,0.14,0.34,0.14,0.27,4.6,3.1,4.9,7.9,0.16,0.17,0.32,0.11,0.27,38.0,14.0,10.0,14.0,62.0,59.0,3.0,52.0,49.0,0.0030869755357188795,0.0023666812440511407,0.002057983690479253,0.0001749286136907365
147,Jeff Hendrick,35000,1943650,Newcastle United,ie IRL,MF,29.0,3.0,0.0,72.0,0.8,1.0,0.0,1.0,0.0,0.0,0.0,0.0,1.25,0.0,1.25,1.25,1.25,0.0,0.0,0.0,0.1,0.04,0.06,0.1,0.04,0.1,38.0,13.0,10.0,15.0,44.0,62.0,-18.0,49.0,4.0,0.0005144959226198132,0.0,0.0,0.0006431199032747666
148,Dan Gosling,35000,1943650,Watford,eng ENG,MF,31.0,4.0,2.0,166.0,1.8,1.0,0.0,1.0,0.0,0.0,0.0,0.0,0.54,0.0,0.54,0.54,0.54,0.2,0.2,0.0,0.2,0.1,0.01,0.11,0.1,0.11,38.0,6.0,5.0,27.0,34.0,77.0,-43.0,23.0,4.4,0.0005144959226198132,0.00010289918452396264,0.0,0.00027782779821469917
149,Ozan Tufan,33077,1836856,Watford,tr TUR,MF,26.0,7.0,4.0,334.0,3.7,0.0,0.0,0.0,0.0,0.0,0.0,0.0,0.0,0.0,0.0,0.0,0.0,0.5,0.5,0.2,0.8,0.14,0.07,0.2,0.14,0.2,38.0,6.0,5.0,27.0,34.0,77.0,-43.0,23.0,1.4,0.0,0.0002722042446441093,0.0,0.0
150,Pierre Lees-Melou,31154,1730062,Norwich City,fr FRA,MF,28.0,33.0,27.0,2265.0,25.2,1.0,0.0,1.0,0.0,0.0,5.0,0.0,0.04,0.0,0.04,0.04,0.04,1.6,1.6,1.8,3.4,0.06,0.07,0.14,0.06,0.14,38.0,5.0,7.0,26.0,23.0,84.0,-61.0,22.0,5.800000000000001,0.0005780139671295018,0.0009248223474072029,0.0,2.312055868518007e-05
151,Eberechi Eze,30000,1665986,Crystal Palace,eng ENG,"MF,FW",23.0,13.0,6.0,605.0,6.7,1.0,1.0,1.0,0.0,0.0,1.0,0.0,0.15,0.15,0.3,0.15,0.3,0.5,0.5,0.9,1.4,0.08,0.13,0.21,0.08,0.21,38.0,11.0,15.0,12.0,50.0,46.0,4.0,48.0,8.8,0.000600245140115223,0.0003001225700576115,0.000600245140115223,0.0001800735420345669
152,Vitaly Janelt,30000,1665986,Brentford,de GER,MF,23.0,31.0,27.0,2298.0,25.5,4.0,0.0,4.0,0.0,0.0,3.0,0.0,0.16,0.0,0.16,0.16,0.16,2.6,2.6,2.2,4.8,0.1,0.09,0.19,0.1,0.19,38.0,13.0,7.0,18.0,48.0,56.0,-8.0,46.0,22.6,0.002400980560460892,0.00156063736429958,0.0,9.603922241843569e-05
153,Marvelous Nakamba,30000,1665986,Aston Villa,zw ZIM,MF,27.0,16.0,10.0,904.0,10.0,0.0,0.0,0.0,0.0,0.0,5.0,0.0,0.0,0.0,0.0,0.0,0.0,0.0,0.0,0.1,0.1,0.0,0.01,0.01,0.0,0.01,38.0,13.0,6.0,19.0,52.0,54.0,-2.0,45.0,-4.8,0.0,0.0,0.0,0.0
154,Christian Eriksen,30000,1665986,Brentford,dk DEN,MF,29.0,11.0,10.0,939.0,10.4,1.0,4.0,1.0,0.0,0.0,1.0,0.0,0.1,0.38,0.48,0.1,0.48,1.4,1.4,3.6,5.0,0.14,0.34,0.48,0.14,0.48,38.0,13.0,7.0,18.0,48.0,56.0,-8.0,46.0,25.0,0.000600245140115223,0.0008403431961613121,0.002400980560460892,0.00028811766725530706
155,Conor Gallagher,30000,1665986,Crystal Palace,eng ENG,MF,21.0,34.0,33.0,2845.0,31.6,8.0,3.0,8.0,0.0,0.0,10.0,0.0,0.25,0.09,0.35,0.25,0.35,5.8,5.8,3.5,9.3,0.18,0.11,0.29,0.18,0.29,38.0,11.0,15.0,12.0,50.0,46.0,4.0,48.0,49.6,0.004801961120921784,0.0034814218126682935,0.001800735420345669,0.00021008579904032804
156,Folarin Balogun,30000,1665986,Arsenal,eng ENG,FW,20.0,2.0,1.0,70.0,0.8,0.0,0.0,0.0,0.0,0.0,0.0,0.0,0.0,0.0,0.0,0.0,0.0,0.3,0.3,0.0,0.3,0.35,0.0,0.35,0.35,0.35,38.0,22.0,3.0,13.0,61.0,48.0,13.0,69.0,0.6,0.0,0.0001800735420345669,0.0,0.0
157,Kalvin Phillips,30000,1665986,Leeds United,eng ENG,MF,25.0,20.0,18.0,1596.0,17.7,0.0,1.0,0.0,0.0,0.0,4.0,0.0,0.0,0.06,0.06,0.0,0.06,0.6,0.6,0.2,0.9,0.04,0.01,0.05,0.04,0.05,38.0,9.0,11.0,18.0,42.0,79.0,-37.0,38.0,0.6000000000000005,0.0,0.0003601470840691338,0.000600245140115223,3.601470840691338e-05
158,Mateusz Klich,25000,1388322,Leeds United,pl POL,MF,31.0,33.0,26.0,2073.0,23.0,1.0,2.0,1.0,0.0,0.0,5.0,0.0,0.04,0.09,0.13,0.04,0.13,2.7,2.7,2.2,4.9,0.12,0.09,0.21,0.12,0.21,38.0,9.0,11.0,18.0,42.0,79.0,-37.0,38.0,14.8,0.0007202939951970797,0.0019447937870321153,0.0014405879903941594,9.363821937562036e-05
159,Tom Davies,25000,1388322,Everton,eng ENG,MF,23.0,6.0,2.0,234.0,2.6,1.0,0.0,1.0,0.0,0.0,1.0,0.0,0.38,0.0,0.38,0.38,0.38,0.9,0.9,0.0,0.9,0.35,0.0,0.35,0.35,0.35,38.0,11.0,6.0,21.0,43.0,66.0,-23.0,39.0,4.8,0.0007202939951970797,0.0006482645956773718,0.0,0.00027371171817489027
160,Frank Onyeka,25000,1388322,Brentford,ng NGA,MF,23.0,20.0,12.0,1045.0,11.6,0.0,0.0,0.0,0.0,0.0,4.0,0.0,0.0,0.0,0.0,0.0,0.0,1.1,1.1,0.2,1.3,0.1,0.02,0.11,0.1,0.11,38.0,13.0,7.0,18.0,48.0,56.0,-8.0,46.0,-1.4,0.0,0.0007923233947167877,0.0,0.0
161,Kenny McLean,25000,1388322,Norwich City,sct SCO,MF,29.0,31.0,29.0,2706.0,30.1,1.0,0.0,1.0,0.0,0.0,3.0,0.0,0.03,0.0,0.03,0.03,0.03,1.9,1.9,0.7,2.6,0.06,0.02,0.09,0.06,0.09,38.0,5.0,7.0,26.0,23.0,84.0,-61.0,22.0,6.199999999999999,0.0007202939951970797,0.0013685585908744513,0.0,2.160881985591239e-05
162,Demarai Gray,25000,1388322,Everton,eng ENG,"MF,FW",25.0,34.0,28.0,2338.0,26.0,5.0,4.0,5.0,0.0,0.0,3.0,0.0,0.19,0.15,0.35,0.19,0.35,4.5,4.5,4.3,8.8,0.17,0.16,0.34,0.17,0.34,38.0,11.0,6.0,21.0,43.0,66.0,-23.0,39.0,46.6,0.0036014699759853983,0.0032413229783868585,0.0028811759807883188,0.0002521028983189779
163,Teemu Pukki,25000,1388322,Norwich City,fi FIN,FW,31.0,37.0,37.0,3253.0,36.1,11.0,3.0,8.0,3.0,3.0,4.0,0.0,0.3,0.08,0.39,0.22,0.3,11.5,9.2,2.8,12.0,0.32,0.08,0.4,0.26,0.33,38.0,5.0,7.0,26.0,23.0,84.0,-61.0,22.0,73.0,0.007923233947167877,0.008283380944766416,0.002160881985591239,0.0002809146581268611
164,Todd Cantwell,25000,1388322,Norwich City,eng ENG,"FW,MF",23.0,8.0,5.0,441.0,4.9,0.0,0.0,0.0,0.0,0.0,2.0,0.0,0.0,0.0,0.0,0.0,0.0,0.2,0.2,0.2,0.4,0.03,0.04,0.07,0.03,0.07,38.0,5.0,7.0,26.0,23.0,84.0,-61.0,22.0,-1.2,0.0,0.00014405879903941595,0.0,0.0
165,Lukas Rupp,22500,1249489,Norwich City,de GER,MF,30.0,19.0,7.0,769.0,8.5,0.0,0.0,0.0,0.0,0.0,0.0,0.0,0.0,0.0,0.0,0.0,0.0,0.7,0.7,1.2,1.9,0.08,0.14,0.22,0.08,0.22,38.0,5.0,7.0,26.0,23.0,84.0,-61.0,22.0,3.8,0.0,0.0005602290216240399,0.0,0.0
166,Juraj Kucka,22115,1228131,Watford,sk SVK,MF,34.0,26.0,22.0,1920.0,21.3,1.0,1.0,1.0,0.0,0.0,5.0,1.0,0.05,0.05,0.09,0.05,0.09,3.1,3.1,0.9,4.1,0.15,0.04,0.19,0.15,0.19,38.0,6.0,5.0,27.0,34.0,77.0,-43.0,23.0,7.0,0.0008142453858749595,0.0025241606962123748,0.0008142453858749595,7.328208472874635e-05
167,Mathias Normann,20385,1132016,Norwich City,no NOR,MF,25.0,23.0,20.0,1645.0,18.3,1.0,2.0,1.0,0.0,0.0,6.0,0.0,0.05,0.11,0.16,0.05,0.16,0.9,0.9,1.8,2.8,0.05,0.1,0.15,0.05,0.15,38.0,5.0,7.0,26.0,23.0,84.0,-61.0,22.0,9.4,0.000883379740215686,0.0007950417661941174,0.001766759480431372,0.00014134075843450975
168,Yoane Wissa,20000,1110657,Brentford,cd COD,"FW,MF",24.0,30.0,12.0,1284.0,14.3,7.0,1.0,7.0,0.0,0.0,0.0,0.0,0.49,0.07,0.56,0.49,0.56,3.7,3.7,0.7,4.4,0.26,0.05,0.31,0.26,0.31,38.0,13.0,7.0,18.0,48.0,56.0,-8.0,46.0,39.8,0.006302575862755108,0.003331361527456272,0.000900367980393587,0.0005042060690204087
169,Ivan Toney,20000,1110657,Brentford,eng ENG,FW,25.0,33.0,32.0,2909.0,32.3,12.0,5.0,7.0,5.0,5.0,8.0,0.0,0.37,0.15,0.53,0.22,0.37,12.0,8.2,5.8,14.0,0.37,0.18,0.55,0.25,0.43,38.0,13.0,7.0,18.0,48.0,56.0,-8.0,46.0,83.0,0.010804415764723043,0.010804415764723043,0.004501839901967935,0.0004771950296086011
170,Adam Forshaw,20000,1110657,Leeds United,eng ENG,MF,29.0,22.0,17.0,1530.0,17.0,0.0,1.0,0.0,0.0,0.0,5.0,0.0,0.0,0.06,0.06,0.0,0.06,0.4,0.4,1.1,1.5,0.02,0.07,0.09,0.02,0.09,38.0,9.0,11.0,18.0,42.0,79.0,-37.0,38.0,1.0,0.0,0.00036014719215743477,0.000900367980393587,5.4022078823615216e-05
171,Cole Palmer,20000,1110657,Manchester City,eng ENG,"FW,MF",19.0,4.0,1.0,123.0,1.4,0.0,0.0,0.0,0.0,0.0,0.0,0.0,0.0,0.0,0.0,0.0,0.0,0.3,0.3,0.2,0.5,0.23,0.17,0.39,0.23,0.39,38.0,29.0,6.0,3.0,99.0,26.0,73.0,93.0,1.0,0.0,0.00027011039411807607,0.0,0.0
172,Mathias Jensen,20000,1110657,Brentford,dk DEN,MF,25.0,31.0,19.0,1601.0,17.8,0.0,1.0,0.0,0.0,0.0,0.0,0.0,0.0,0.06,0.06,0.0,0.06,2.5,2.5,3.6,6.1,0.14,0.2,0.34,0.14,0.34,38.0,13.0,7.0,18.0,48.0,56.0,-8.0,46.0,15.2,0.0,0.0022509199509839675,0.000900367980393587,5.4022078823615216e-05
173,Christos Tzolis,19231,1067940,Norwich City,gr GRE,"FW,MF",19.0,14.0,3.0,336.0,3.7,0.0,0.0,0.0,0.0,0.0,0.0,0.0,0.0,0.0,0.0,0.0,0.0,0.5,0.5,1.0,1.4,0.13,0.26,0.38,0.13,0.38,38.0,5.0,7.0,26.0,23.0,84.0,-61.0,22.0,3.0,0.0,0.00046819109687810175,0.0,0.0
174,Oghenekaro Etebo,16538,918428,Watford,ng NGA,MF,25.0,9.0,4.0,401.0,4.5,0.0,0.0,0.0,0.0,0.0,3.0,0.0,0.0,0.0,0.0,0.0,0.0,0.0,0.0,0.1,0.1,0.01,0.01,0.02,0.01,0.02,38.0,6.0,5.0,27.0,34.0,77.0,-43.0,23.0,-2.8,0.0,0.0,0.0,0.0
175,Ashley Fletcher,15000,832993,Watford,eng ENG,FW,25.0,3.0,0.0,30.0,0.3,0.0,0.0,0.0,0.0,0.0,0.0,0.0,0.0,0.0,0.0,0.0,0.0,0.4,0.4,0.0,0.4,1.16,0.0,1.16,1.16,1.16,38.0,6.0,5.0,27.0,34.0,77.0,-43.0,23.0,0.8,0.0,0.00048019611209217843,0.0,0.0
176,Emmanuel Dennis,15000,832993,Watford,ng NGA,"FW,MF",23.0,33.0,30.0,2581.0,28.7,10.0,6.0,10.0,0.0,0.0,9.0,1.0,0.35,0.21,0.56,0.35,0.56,7.5,7.5,3.2,10.7,0.26,0.11,0.37,0.26,0.37,38.0,6.0,5.0,27.0,34.0,77.0,-43.0,23.0,67.4,0.01200490280230446,0.009003677101728346,0.007202941681382676,0.0006722745569290498
177,Ken Sema,15000,832993,Watford,se SWE,"MF,FW",27.0,18.0,7.0,852.0,9.5,0.0,0.0,0.0,0.0,0.0,1.0,0.0,0.0,0.0,0.0,0.0,0.0,0.2,0.2,1.2,1.4,0.02,0.13,0.14,0.02,0.14,38.0,6.0,5.0,27.0,34.0,77.0,-43.0,23.0,1.7999999999999998,0.0,0.00024009805604608921,0.0,0.0
178,Donny van de Beek,120000,6663944,Everton,nl NED,MF,24.0,7.0,5.0,483.0,5.4,1.0,0.0,1.0,0.0,0.0,1.0,0.0,0.19,0.0,0.19,0.19,0.19,0.9,0.9,0.1,1.0,0.17,0.01,0.18,0.17,0.18,38.0,11.0,6.0,21.0,43.0,66.0,-23.0,39.0,5.0,0.00015006128502880576,0.00013505515652592517,0.0,2.8511644155473094e-05
179,Dele Alli,100000,5553286,Everton,eng ENG,MF,25.0,11.0,1.0,338.0,3.8,0.0,0.0,0.0,0.0,0.0,3.0,0.0,0.0,0.0,0.0,0.0,0.0,0.1,0.1,0.3,0.4,0.02,0.09,0.11,0.02,0.11,38.0,11.0,6.0,21.0,43.0,66.0,-23.0,39.0,-2.2,0.0,1.800735636522232e-05,0.0,0.0
180,Daniel James,50000,2776643,Manchester United,wls WAL,FW,23.0,2.0,2.0,126.0,1.4,0.0,0.0,0.0,0.0,0.0,0.0,0.0,0.0,0.0,0.0,0.0,0.0,0.2,0.2,0.0,0.3,0.17,0.01,0.19,0.17,0.19,38.0,16.0,10.0,12.0,57.0,57.0,0.0,58.0,0.4,0.0,7.202942546088928e-05,0.0,0.0
181,Anwar El Ghazi,30962,1719383,Everton,nl NED,FW,26.0,2.0,0.0,13.0,0.1,0.0,0.0,0.0,0.0,0.0,0.0,0.0,0.0,0.0,0.0,0.0,0.0,0.0,0.0,0.0,0.0,0.0,0.0,0.0,0.0,0.0,38.0,11.0,6.0,21.0,43.0,66.0,-23.0,39.0,0.0,0.0,0.0,0.0,0.0
